lg_cost, lg_gamma, P-error, DOR, Sensitivity, Specificity, PPV, NPV, Accuracy, Error_Rate, TPR Less FPR, TP, FP, TN, FN, KEY: -1_means_Undefined_Value, DOR = Diagnostic Odds Ratio
14.5, -13, 0.4354838709677419, 15.56774193548387, 0.7580645161290323, 0.84, 0.7966101694915254, 0.8076923076923077, 0.8029197080291971, 0.1970802919708029, 0.5980645161290322, 47, 12, 63, 15, 
