lg_cost, lg_gamma, P-error, DOR, Sensitivity, Specificity, PPV, NPV, Accuracy, Error_Rate, TPR Less FPR, TP, FP, TN, FN, KEY: -1_means_Undefined_Value, DOR = Diagnostic Odds Ratio
0.5, -2.5, 0.462962962962963, 20.47563025210084, 0.7926829268292683, 0.8518518518518519, 0.8904109589041096, 0.7301587301587301, 0.8161764705882353, 0.1838235294117647, 0.6445347786811202, 65, 8, 46, 17, 
