lg_cost, lg_gamma, P-error, DOR, Sensitivity, Specificity, PPV, NPV, Accuracy, Error_Rate, TPR Less FPR, TP, FP, TN, FN, KEY: -1_means_Undefined_Value, DOR = Diagnostic Odds Ratio
15, -14.5, 0.2307692307692308, 315, 0.7692307692307693, 1, 1, 0.9454545454545454, 0.9538461538461539, 0.04615384615384616, 0.7692307692307693, 10, 0, 52, 3, 
