lg_cost, lg_gamma, P-error, DOR, Sensitivity, Specificity, PPV, NPV, Accuracy, Error_Rate, TPR Less FPR, TP, FP, TN, FN, KEY: -1_means_Undefined_Value, DOR = Diagnostic Odds Ratio
11.5, -11.5, 0.2820512820512821, 70.74825174825176, 0.8461538461538462, 0.9375, 0.868421052631579, 0.9259259259259259, 0.907563025210084, 0.09243697478991597, 0.7836538461538462, 33, 5, 75, 6, 
