lg_cost, lg_gamma, P-error, DOR, Sensitivity, Specificity, PPV, NPV, Accuracy, Error_Rate, TPR Less FPR, TP, FP, TN, FN, KEY: -1_means_Undefined_Value, DOR = Diagnostic Odds Ratio
6, -3, 0.2741935483870968, 49.66666666666667, 0.8387096774193549, 0.9135802469135802, 0.8813559322033898, 0.8809523809523809, 0.8811188811188812, 0.1188811188811189, 0.7522899243329351, 52, 7, 74, 10, 
