lg_cost, lg_gamma, P-error, DOR, Sensitivity, Specificity, PPV, NPV, Accuracy, Error_Rate, TPR Less FPR, TP, FP, TN, FN, KEY: -1_means_Undefined_Value, DOR = Diagnostic Odds Ratio
10.5, -7.5, 0.3392857142857143, 40.4017094017094, 0.9310344827586207, 0.7678571428571429, 0.8617021276595744, 0.8775510204081632, 0.8671328671328671, 0.1328671328671329, 0.6988916256157636, 81, 13, 43, 6, 
