lg_cost, lg_gamma, P-error, DOR, Sensitivity, Specificity, PPV, NPV, Accuracy, Error_Rate, TPR Less FPR, TP, FP, TN, FN, KEY: -1_means_Undefined_Value, DOR = Diagnostic Odds Ratio
14, -13.5, 0.1724137931034483, 183.2285714285714, 0.967741935483871, 0.896551724137931, 0.9523809523809523, 0.9285714285714286, 0.945054945054945, 0.05494505494505494, 0.864293659621802, 60, 3, 26, 2, 
