lg_cost, lg_gamma, P-error, DOR, Sensitivity, Specificity, PPV, NPV, Accuracy, Error_Rate, TPR Less FPR, TP, FP, TN, FN, KEY: -1_means_Undefined_Value, DOR = Diagnostic Odds Ratio
15, -8, 0.07692307692307691, 708.3333333333334, 0.9230769230769231, 1, 1, 0.9767441860465116, 0.9818181818181818, 0.01818181818181818, 0.9230769230769231, 12, 0, 42, 1, 
