lg_cost, lg_gamma, P-error, DOR, Sensitivity, Specificity, PPV, NPV, Accuracy, Error_Rate, TPR Less FPR, TP, FP, TN, FN, KEY: -1_means_Undefined_Value, DOR = Diagnostic Odds Ratio
6, -8, 0.1794871794871795, 118.3333333333333, 0.8974358974358975, 0.9454545454545454, 0.9210526315789473, 0.9285714285714286, 0.925531914893617, 0.07446808510638298, 0.8428904428904429, 35, 3, 52, 4, 
