lg_cost, lg_gamma, P-error, DOR, Sensitivity, Specificity, PPV, NPV, Accuracy, Error_Rate, TPR Less FPR, TP, FP, TN, FN, KEY: -1_means_Undefined_Value, DOR = Diagnostic Odds Ratio
12.5, -8, 0.375, 36.81818181818182, 0.9425287356321839, 0.7142857142857143, 0.8367346938775511, 0.8888888888888888, 0.8531468531468531, 0.1468531468531468, 0.6568144499178982, 82, 16, 40, 5, 
