lg_cost, lg_gamma, P-error, DOR, Sensitivity, Specificity, PPV, NPV, Accuracy, Error_Rate, TPR Less FPR, TP, FP, TN, FN, KEY: -1_means_Undefined_Value, DOR = Diagnostic Odds Ratio
15.5, -12.5, 0.1964285714285714, 97, 0.9516129032258065, 0.8571428571428571, 0.8805970149253731, 0.9411764705882353, 0.9067796610169492, 0.09322033898305085, 0.8087557603686636, 59, 8, 48, 3, 
