lg_cost, lg_gamma, P-error, DOR, Sensitivity, Specificity, PPV, NPV, Accuracy, Error_Rate, TPR Less FPR, TP, FP, TN, FN, KEY: -1_means_Undefined_Value, DOR = Diagnostic Odds Ratio
13, -12, 0.6551724137931034, 19.02046035805627, 0.9259259259259259, 0.6206896551724138, 0.9009009009009009, 0.6923076923076923, 0.8613138686131386, 0.1386861313868613, 0.5466155810983397, 100, 11, 18, 8, 
