lg_cost, lg_gamma, P-error, DOR, Sensitivity, Specificity, PPV, NPV, Accuracy, Error_Rate, TPR Less FPR, TP, FP, TN, FN, KEY: -1_means_Undefined_Value, DOR = Diagnostic Odds Ratio
8.5, -13, 0.09999999999999999, 335.72, 0.95, 0.9642857142857143, 0.95, 0.9642857142857143, 0.9583333333333334, 0.04166666666666666, 0.9142857142857143, 38, 2, 54, 2, 
