lg_cost, lg_gamma, P-error, DOR, Sensitivity, Specificity, PPV, NPV, Accuracy, Error_Rate, TPR Less FPR, TP, FP, TN, FN, KEY: -1_means_Undefined_Value, DOR = Diagnostic Odds Ratio
3, -7.5, 0.5652173913043479, 13.6524064171123, 0.7826086956521739, 0.8095238095238095, 0.6923076923076923, 0.8717948717948718, 0.8, 0.2, 0.5921325051759835, 18, 8, 34, 5, 
