lg_cost, lg_gamma, P-error, DOR, Sensitivity, Specificity, PPV, NPV, Accuracy, Error_Rate, TPR Less FPR, TP, FP, TN, FN, KEY: -1_means_Undefined_Value, DOR = Diagnostic Odds Ratio
9.5, -5.5, 0.3518518518518518, 25.20551378446115, 0.8615384615384616, 0.8148148148148148, 0.8484848484848485, 0.8301886792452831, 0.8403361344537815, 0.1596638655462185, 0.6763532763532764, 56, 10, 44, 9, 
