lg_cost, lg_gamma, P-error, DOR, Sensitivity, Specificity, PPV, NPV, Accuracy, Error_Rate, TPR Less FPR, TP, FP, TN, FN, KEY: -1_means_Undefined_Value, DOR = Diagnostic Odds Ratio
13.5, -12, 0.6206896551724138, 21.95798319327732, 0.9259259259259259, 0.6551724137931034, 0.9090909090909091, 0.7037037037037037, 0.8686131386861314, 0.1313868613138686, 0.5810983397190294, 100, 10, 19, 8, 
