lg_cost, lg_gamma, P-error, DOR, Sensitivity, Specificity, PPV, NPV, Accuracy, Error_Rate, TPR Less FPR, TP, FP, TN, FN, KEY: -1_means_Undefined_Value, DOR = Diagnostic Odds Ratio
1.5, -1.5, 0.4444444444444444, 12.6, 0.8333333333333334, 0.7777777777777778, 0.8333333333333334, 0.7777777777777778, 0.8095238095238095, 0.1904761904761905, 0.6111111111111112, 10, 2, 7, 2, 
