lg_cost, lg_gamma, P-error, DOR, Sensitivity, Specificity, PPV, NPV, Accuracy, Error_Rate, TPR Less FPR, TP, FP, TN, FN, KEY: -1_means_Undefined_Value, DOR = Diagnostic Odds Ratio
7.5, -5.5, 0.4310344827586207, 21.00921658986175, 0.8275862068965517, 0.8235294117647058, 0.7619047619047619, 0.875, 0.8251748251748252, 0.1748251748251748, 0.6511156186612576, 48, 15, 70, 10, 
