lg_cost, lg_gamma, P-error, DOR, Sensitivity, Specificity, PPV, NPV, Accuracy, Error_Rate, TPR Less FPR, TP, FP, TN, FN, KEY: -1_means_Undefined_Value, DOR = Diagnostic Odds Ratio
9.5, -10.5, 0.2777777777777778, 47.57142857142857, 0.8461538461538462, 0.9074074074074074, 0.9166666666666666, 0.8305084745762712, 0.8739495798319328, 0.1260504201680672, 0.7535612535612536, 55, 5, 49, 10, 
